analysis	beta	se	pval	OR	LCI	UCI
Raw	0.087894	0.0762235	0.2527882	1.09187237742184	0.940349127914219	1.26781134068916
Outlier-corrected	0.1198282	0.05855	0.0445093	1.12730316425849	1.00508307521479	1.2643854577649
