egger_intercept	se	pval
-0.0034819	0.0052046	0.5057626
