method	Q	Q_df	Q_pval
IVW	96.99547	69	0.0147892
MR-Egger	96.36125	68	0.0134358
