method	nsnp	beta	se	pval	OR	LCI	UCI
IVW (multiplicative random effects)	70	0.0822032	0.0764773	0.282433	1.08567639686099	0.934547982280645	1.26124421757844
MR-Egger	70	0.1617036	0.1414843	0.2570848	1.17551176799177	0.890826471048822	1.55117518573537
Weighted median	70	0.0898712	0.0974262	0.3562921	1.09403336313295	0.903856968313818	1.32422390002798
